{
  "model": "LogisticRegression (hibrido)",
  "features": [
    "last_activity_day",
    "submission_rate",
    "avg_assessment_score"
  ],
  "feature_labels": {
    "last_activity_day": "Ultimo dia de atividade VLE (0-270 dias do modulo)",
    "submission_rate": "Taxa de envio de avaliacoes (0 = nenhuma, ~0.058 = max)",
    "avg_assessment_score": "Nota media nas provas (0-100)"
  },
  "coefficients": {
    "intercept": -0.8640083526451613,
    "last_activity_day": -1.4872953407777256,
    "submission_rate": -0.733352517759722,
    "avg_assessment_score": -0.880623140646473
  },
  "intercept_aas": -0.1634196962744514,
  "feature_ranges": {
    "last_activity_day": {
      "min": 0,
      "max": 270,
      "mean": 182.04975438596492,
      "std": 86.16927986666373
    },
    "submission_rate": {
      "min": 0.0,
      "max": 0.058,
      "mean": 0.023948102706333903,
      "std": 0.01633883952007488
    },
    "avg_assessment_score": {
      "min": 0,
      "max": 100,
      "mean": 65.78451817656027,
      "std": 26.512990899384317
    }
  },
  "scaler_mean": [
    182.04975438596492,
    0.023948102706333903
  ],
  "scaler_std": [
    86.16776811165056,
    0.016338552871253027
  ],
  "scaler_aas_mean": 65.78451817656027,
  "scaler_aas_std": 26.51252575511285,
  "default_meta_dropout": 0.2,
  "meta_bounds": [
    0.05,
    0.5
  ],
  "test_set_baseline_p": 0.2292280701754386,
  "best_model": "Random Forest",
  "best_model_test_roc_auc": 0.9525,
  "proxy_roc_auc": 0.9115,
  "note": "Proxy hibrido: lad+sr de LR completo, aas de LR univariado (coeficiente negativo verdadeiro). last_activity_day >= 0."
}