{
  "all_results": {
    "Dummy": {
      "accuracy": 0.5658843380886639,
      "train_time": 0.1342604160308838
    },
    "Logistic Regression": {
      "accuracy": 0.8694585059058137,
      "precision": 0.7352472089314195,
      "recall": 0.9079271294928607,
      "f1": 0.8125137695527649,
      "roc_auc": 0.9457755283304854,
      "train_time": 0.7587132453918457
    },
    "Random Forest": {
      "accuracy": 0.8774351894462341,
      "precision": 0.7857142857142857,
      "recall": 0.8340718857705564,
      "f1": 0.809171244327681,
      "roc_auc": 0.9525029160314589,
      "train_time": 2.2485270500183105
    },
    "Gradient Boosting": {
      "accuracy": 0.8811167356956588,
      "precision": 0.7849364791288567,
      "recall": 0.8517971442639094,
      "f1": 0.8170011806375442,
      "roc_auc": 0.9545541214561112,
      "train_time": 47.71421408653259
    },
    "XGBoost": {
      "accuracy": 0.8728332566344531,
      "precision": 0.7355015673981191,
      "recall": 0.9241752831117676,
      "f1": 0.8191141173903557,
      "roc_auc": 0.9533347200390384,
      "train_time": 2.976583480834961
    },
    "LightGBM": {
      "accuracy": 0.8757478140819144,
      "precision": 0.7383834439672003,
      "recall": 0.931068439192516,
      "f1": 0.8236062717770035,
      "roc_auc": 0.9546506642583625,
      "train_time": 1.7339890003204346
    }
  },
  "best_model": "Random Forest",
  "best_model_roc_auc": 0.9525029160314589,
  "best_model_recall": 0.8340718857705564
}